workload,variant,rounds,added_ms_median,added_ms_ci90_lo,added_ms_ci90_hi,overhead_pct,bpf_ms_median,bpf_open_us,bpf_perm_us,received_median,submitted_median,kernel_drops,queue_drops
static,M0,40,6.360932500000006,5.168925499999998,7.418500000000009,5.084646025785123,3.0164085,1257.1175,885.3445,3748.0,3014.0,0,0
static,M1,40,5.572530500000006,4.673177000000001,6.610516499999997,4.527941037357852,2.9209505,1162.8235,903.811,3748.0,3014.0,0,0
static,M2,40,5.662955500000004,3.8456564999999956,6.5663349999999925,4.559561057316619,2.913315,841.8535,1188.5965,3748.0,3014.0,0,0
make,M0,30,6.7887594999999985,4.8854570000000095,8.473067,7.124468636834347,6.105513999999999,3064.7045,1489.8835,4793.0,808.0,0,0
make,M1,30,5.9645475,3.4020230000000042,7.914332999999996,6.775584002474144,5.499224,2590.194,1488.1275,4793.0,808.0,0,0
make,M2,30,1.773687000000003,0.36778599999999495,4.664966499999999,1.9401653297888788,5.6233975,1988.414,1949.7455,4793.0,808.0,0,0
vite,M0,30,-0.5479549999999889,-1.5304640000000092,2.507124999999999,-0.17629811342395052,0.910811,437.087,251.2935,881.0,91.0,0,0
vite,M1,30,3.0158234999999864,-1.0351969999999877,4.317934999999995,0.9804314768807276,0.8387385,392.4765,247.935,881.0,91.0,0,0
vite,M2,30,0.7388235000000132,-3.062693000000005,3.6242394999999874,0.23798341383846067,0.7940805,259.445,300.517,879.0,91.0,0,0
