pair,warmup,off_s,on_s,overhead_pct,received,submitted,filtered,queue_drops,collector_cpu_s,store_worker_cpu_s
0,True,0.122022053,0.127852704,4.778358384119308,3064,2705,346,0,0.07898807200000046,0.010000000000000002
1,True,0.125650163,0.130614633,3.9510255151837814,3064,2705,346,0,0.08951428099999958,0.020000000000000004
2,False,0.128251126,0.126912914,-1.0434309949060472,3064,2705,346,0,0.08135207700000002,0.009999999999999995
3,False,0.112581062,0.131762554,17.03793840566188,3064,2705,346,0,0.08820394399999998,0.01999999999999999
4,False,0.12506823,0.128860989,3.032551911864423,3064,2705,346,0,0.09000216500000047,0.01999999999999999
5,False,0.117154388,0.133079242,13.59304954074787,3064,2705,346,0,0.09131988100000044,0.020000000000000018
6,False,0.133556301,0.131619133,-1.4504504733176105,3064,2705,346,0,0.08872235000000117,0.03
7,False,0.123995143,0.128894463,3.951219282839147,3064,2705,346,0,0.08415058000000109,0.03
8,False,0.146314472,0.137443528,-6.062929988224264,3064,2705,346,0,0.08142439700000104,0.01999999999999999
9,False,0.139392158,0.136159935,-2.3187983071472185,3064,2705,346,0,0.09809327400000001,0.020000000000000018
10,False,0.125310593,0.130306108,3.986506551764557,3064,2705,346,0,0.08730721599999924,0.019999999999999962
11,False,0.130521142,0.123047703,-5.725845549221454,3064,2705,346,0,0.0827701059999999,0.020000000000000018
12,False,0.112975484,0.127212334,12.601716315727419,3064,2705,346,0,0.08427625500000069,0.019999999999999962
13,False,0.131408102,0.133027757,1.2325381581114403,3064,2705,346,0,0.08250732599999999,0.020000000000000018
14,False,0.123184175,0.12783195,3.7730292872440785,3064,2705,346,0,0.08658850600000001,0.019999999999999962
15,False,0.123448656,0.128869038,4.390798713920385,3064,2705,346,0,0.08457258199999984,0.030000000000000027
16,False,0.125512673,0.134162231,6.891382195326212,3064,2705,346,0,0.08295658599999989,0.009999999999999953
17,False,0.126523886,0.134700205,6.462273060440138,3064,2705,346,0,0.07813898999999935,0.030000000000000027
18,False,0.124233499,0.135281389,8.892842984322623,3064,2705,346,0,0.09329408199999989,0.030000000000000027
19,False,0.126009506,0.13436914,6.634129650504317,3064,2705,346,0,0.09319466700000056,0.019999999999999907
20,False,0.127434059,0.129985952,2.0025203780097645,3064,2705,346,0,0.08088115299999998,0.020000000000000018
21,False,0.126352176,0.129578065,2.5530933475969464,3064,2705,346,0,0.08824589299999985,0.020000000000000018
