metric,kernel_only_B,before_Eb,after_Ea
records_received,0.0,3748.0,3748.0
records_submitted,0.0,3014.0,3014.0
queue_handoffs,0.0,3014.0,7.0
records_handed_off,0.0,3014.0,3014.0
writer_gets,0.0,3014.0,7.0
writer_blocked_on_empty_queue,0.0,31.0,5.0
queue_high_water_items,0,422,1
collector_vol_ctx,98.0,2178.5,458.0
collector_invol_ctx,0.0,2.5,1.0
writer_thread_vol_ctx,22.0,2041.0,359.5
consumer_thread_vol_ctx,44.0,94.5,54.0
collector_cpu_s,0.08000000000000007,0.17499999999999982,0.13000000000000012
consumer_thread_cpu_s,0.010000000000000009,0.08999999999999996,0.050000000000000044
writer_thread_cpu_s,0.0,0.019999999999999934,0.009999999999999995
store_worker_cpu_s,0.0,0.020000000000000018,0.020000000000000018
store_bytes_written,0.0,7958528.0,7634944.0
sqlite_ingest_ms,0.0,42.95625,38.1594595
sqlite_commits,0.0,6.0,5.0
kernel_drops,0,0,0
queue_drops,0,0,0
workload_invol_ctx,4.0,7.0,6.0
