version,condition,sample,latency_ms
before,idle,0,253.983921
before,idle,1,186.682917
before,idle,2,209.411341
before,idle,3,257.347959
before,idle,4,221.700595
before,idle,5,192.163294
before,idle,6,229.759347
before,idle,7,272.303915
before,idle,8,283.283401
before,idle,9,287.31577
before,idle,10,307.03484
before,idle,11,306.15286
before,idle,12,252.330435
before,idle,13,249.650854
before,idle,14,252.096492
before,idle,15,249.714779
before,idle,16,277.79456
before,idle,17,325.163038
before,idle,18,326.937897
before,idle,19,273.049927
before,load,0,194.144244
before,load,1,204.519245
before,load,2,208.487454
before,load,3,174.705071
before,load,4,176.818131
before,load,5,185.208463
before,load,6,204.057426
before,load,7,218.911182
before,load,8,189.362308
before,load,9,207.547094
before,load,10,230.520752
before,load,11,231.266946
before,load,12,220.235385
before,load,13,236.625015
before,load,14,209.030843
before,load,15,236.134386
before,load,16,221.537439
before,load,17,257.155697
before,load,18,242.612164
before,load,19,217.149852
after,idle,0,251.161604
after,idle,1,256.359391
after,idle,2,283.934448
after,idle,3,217.386911
after,idle,4,231.700794
after,idle,5,219.430729
after,idle,6,275.365148
after,idle,7,208.934071
after,idle,8,254.831804
after,idle,9,215.439485
after,idle,10,252.984184
after,idle,11,239.993429
after,idle,12,227.674235
after,idle,13,216.544709
after,idle,14,269.538505
after,idle,15,243.329931
after,idle,16,274.034184
after,idle,17,261.049237
after,idle,18,311.968083
after,idle,19,307.445243
after,load,0,154.272814
after,load,1,181.745578
after,load,2,170.496588
after,load,3,225.197436
after,load,4,187.609055
after,load,5,170.500516
after,load,6,212.853424
after,load,7,198.163611
after,load,8,203.903985
after,load,9,203.614487
after,load,10,241.767194
after,load,11,252.217357
after,load,12,218.180418
after,load,13,215.287506
after,load,14,238.391149
after,load,15,221.423731
after,load,16,238.185082
after,load,17,231.93737
after,load,18,213.021469
after,load,19,232.104709
