round,warmup,order,A_ms,B_ms,Eb_ms,Ea_ms
0,True,A/B/Eb/Ea,124.726894,130.432953,128.98447099999998,131.38856900000002
1,False,B/Eb/Ea/A,122.21226,125.281694,131.213145,135.010839
2,False,Eb/Ea/A/B,128.49728299999998,126.14812,131.417943,130.623865
3,False,Ea/A/B/Eb,124.453182,124.762709,129.846613,131.368704
4,False,Ea/Eb/B/A,123.286765,132.916899,129.40210399999998,135.242589
5,False,A/Ea/Eb/B,119.611792,126.14023699999998,130.083286,133.300521
6,False,B/A/Ea/Eb,122.19627700000001,149.378301,131.06356599999998,131.579126
7,False,Eb/B/A/Ea,125.505494,130.371878,134.640297,130.257845
8,False,A/B/Eb/Ea,124.35537500000001,128.664925,130.542836,133.015131
9,False,B/Eb/Ea/A,121.699376,126.183623,129.184404,130.51861300000002
10,False,Eb/Ea/A/B,127.09234799999999,129.381686,137.38425900000001,128.9275
11,False,Ea/A/B/Eb,125.85040000000001,129.718559,129.414661,125.03760299999999
12,False,Ea/Eb/B/A,124.73670200000001,128.253104,135.314359,131.31081
13,False,A/Ea/Eb/B,123.451252,130.160675,129.67077,130.31342
14,False,B/A/Ea/Eb,130.335024,132.887826,130.85868100000002,130.50486899999999
15,False,Eb/B/A/Ea,124.91452699999999,128.569743,128.712139,127.88322699999999
16,False,A/B/Eb/Ea,127.28721100000001,127.895481,133.80389300000002,130.859535
17,False,B/Eb/Ea/A,130.172427,130.960161,131.31425,129.947118
18,False,Eb/Ea/A/B,126.01495800000001,133.90633499999998,132.938684,128.97045400000002
19,False,Ea/A/B/Eb,123.827259,131.040391,133.008939,129.002634
20,False,Ea/Eb/B/A,122.064452,127.51746,134.067077,132.497761
21,False,A/Ea/Eb/B,122.049782,130.48238700000002,131.614065,134.677587
22,False,B/A/Ea/Eb,126.316099,130.062789,133.50324,132.07475599999998
23,False,Eb/B/A/Ea,123.821837,131.473273,132.396555,130.258195
24,False,A/B/Eb/Ea,122.721893,128.51902900000002,130.43737099999998,132.244067
25,False,B/Eb/Ea/A,121.384281,136.936129,132.490369,134.668639
26,False,Eb/Ea/A/B,125.688244,128.97109700000001,131.35118200000002,131.831667
27,False,Ea/A/B/Eb,126.12643100000001,139.083291,133.690644,134.77271
28,False,Ea/Eb/B/A,127.14161500000002,130.760851,130.508603,132.26718200000002
29,False,A/Ea/Eb/B,122.71320700000001,127.129766,134.131563,133.43293
30,False,B/A/Ea/Eb,125.537702,129.200608,127.29504399999999,128.505063
31,False,Eb/B/A/Ea,127.47484100000001,129.840725,130.836997,138.53084099999998
32,False,A/B/Eb/Ea,154.241405,132.781155,134.986912,133.31739000000002
33,False,B/Eb/Ea/A,124.99966699999999,128.730118,132.01981600000002,133.742177
34,False,Eb/Ea/A/B,122.06668499999999,129.84841899999998,129.120994,130.623311
35,False,Ea/A/B/Eb,124.163263,127.951071,131.376813,133.88504400000002
36,False,Ea/Eb/B/A,127.572129,127.65032200000002,133.377886,138.240917
37,False,A/Ea/Eb/B,127.683461,130.98622400000002,134.03327000000002,133.658368
38,False,B/A/Ea/Eb,124.434499,128.75272700000002,129.531711,130.47677499999998
39,False,Eb/B/A/Ea,132.427769,130.209225,133.274618,131.368211
40,False,A/B/Eb/Ea,124.438755,131.784021,133.217478,129.542234
