program,hook,window,calls,early_exits,map_lookups,map_updates,map_deletes,rb_records,rb_bytes,upid_walks,ns_translate_ns,ns_fastpath_misses,foreign_tasks,d_path_ns,io_seen_map_ns,ringbuf_ns,exec_copy_ns,unused,run_cnt,run_time_ns
0,security_file_open,workload,1398.0,306.5,0.0,0.0,1091.0,1091.0,645872.0,305.5,0.0,305.5,305.5,0.0,0.0,0.0,0.0,0.0,1398.0,1429610.5
1,security_file_permission,workload,3992.0,2691.5,3941.5,994.0,0.0,994.0,79520.0,305.5,0.0,305.5,305.5,0.0,0.0,0.0,0.0,0.0,3991.5,1131274.0
2,security_mmap_file,workload,1466.0,1377.0,1441.0,89.0,0.0,89.0,7120.0,0.0,0.0,0.0,0.0,0.0,0.0,0.0,0.0,0.0,1466.0,248551.0
3,do_renameat2 (entry),workload,0.0,0.0,0.0,0.0,0.0,0.0,0.0,0.0,0.0,0.0,0.0,0.0,0.0,0.0,0.0,0.0,0.0,0.0
4,do_renameat2 (return),workload,0.0,0.0,0.0,0.0,0.0,0.0,0.0,0.0,0.0,0.0,0.0,0.0,0.0,0.0,0.0,0.0,0.0,0.0
5,do_unlinkat (entry),workload,0.0,0.0,0.0,0.0,0.0,0.0,0.0,0.0,0.0,0.0,0.0,0.0,0.0,0.0,0.0,0.0,0.0,0.0
6,do_unlinkat (return),workload,0.0,0.0,0.0,0.0,0.0,0.0,0.0,0.0,0.0,0.0,0.0,0.0,0.0,0.0,0.0,0.0,0.0,0.0
7,sys_enter_chdir,workload,2.0,0.0,0.0,0.0,0.0,0.0,0.0,0.0,0.0,0.0,0.0,0.0,0.0,0.0,0.0,0.0,2.0,4456.5
8,sys_exit_chdir,workload,2.0,0.0,0.0,0.0,0.0,0.0,0.0,0.0,0.0,0.0,0.0,0.0,0.0,0.0,0.0,0.0,2.0,5687.0
9,sys_enter_fchdir,workload,0.0,0.0,0.0,0.0,0.0,0.0,0.0,0.0,0.0,0.0,0.0,0.0,0.0,0.0,0.0,0.0,0.0,0.0
10,sys_exit_fchdir,workload,0.0,0.0,0.0,0.0,0.0,0.0,0.0,0.0,0.0,0.0,0.0,0.0,0.0,0.0,0.0,0.0,0.0,0.0
11,sched_process_exec,workload,306.0,0.0,0.0,0.0,0.0,306.0,337824.0,306.0,0.0,0.0,0.0,0.0,0.0,0.0,0.0,0.0,306.0,290925.5
12,sched_process_fork,workload,305.0,0.0,0.0,0.0,0.0,305.0,24400.0,305.0,0.0,0.0,0.0,0.0,0.0,0.0,0.0,0.0,305.0,312119.0
13,sched_process_exit,workload,305.0,0.0,0.0,0.0,0.0,305.0,24400.0,0.0,0.0,0.0,0.0,0.0,0.0,0.0,0.0,0.0,305.0,114542.5
14,upid_walk (any program),workload,0.0,0.0,0.0,0.0,0.0,0.0,0.0,1222.0,0.0,0.0,0.0,0.0,0.0,0.0,0.0,0.0,0.0,0.0
0,security_file_open,idle,14.0,0.0,0.0,0.0,14.0,14.0,8288.0,0.0,0.0,0.0,0.0,0.0,0.0,0.0,0.0,0.0,14.0,18631.5
1,security_file_permission,idle,29.0,15.0,28.0,14.0,0.0,14.0,1120.0,0.0,0.0,0.0,0.0,0.0,0.0,0.0,0.0,0.0,29.0,10668.0
2,security_mmap_file,idle,0.0,0.0,0.0,0.0,0.0,0.0,0.0,0.0,0.0,0.0,0.0,0.0,0.0,0.0,0.0,0.0,0.0,0.0
3,do_renameat2 (entry),idle,0.0,0.0,0.0,0.0,0.0,0.0,0.0,0.0,0.0,0.0,0.0,0.0,0.0,0.0,0.0,0.0,0.0,0.0
4,do_renameat2 (return),idle,0.0,0.0,0.0,0.0,0.0,0.0,0.0,0.0,0.0,0.0,0.0,0.0,0.0,0.0,0.0,0.0,0.0,0.0
5,do_unlinkat (entry),idle,0.0,0.0,0.0,0.0,0.0,0.0,0.0,0.0,0.0,0.0,0.0,0.0,0.0,0.0,0.0,0.0,0.0,0.0
6,do_unlinkat (return),idle,0.0,0.0,0.0,0.0,0.0,0.0,0.0,0.0,0.0,0.0,0.0,0.0,0.0,0.0,0.0,0.0,0.0,0.0
7,sys_enter_chdir,idle,0.0,0.0,0.0,0.0,0.0,0.0,0.0,0.0,0.0,0.0,0.0,0.0,0.0,0.0,0.0,0.0,0.0,0.0
8,sys_exit_chdir,idle,0.0,0.0,0.0,0.0,0.0,0.0,0.0,0.0,0.0,0.0,0.0,0.0,0.0,0.0,0.0,0.0,0.0,0.0
9,sys_enter_fchdir,idle,0.0,0.0,0.0,0.0,0.0,0.0,0.0,0.0,0.0,0.0,0.0,0.0,0.0,0.0,0.0,0.0,0.0,0.0
10,sys_exit_fchdir,idle,0.0,0.0,0.0,0.0,0.0,0.0,0.0,0.0,0.0,0.0,0.0,0.0,0.0,0.0,0.0,0.0,0.0,0.0
11,sched_process_exec,idle,0.0,0.0,0.0,0.0,0.0,0.0,0.0,0.0,0.0,0.0,0.0,0.0,0.0,0.0,0.0,0.0,0.0,0.0
12,sched_process_fork,idle,0.0,0.0,0.0,0.0,0.0,0.0,0.0,0.0,0.0,0.0,0.0,0.0,0.0,0.0,0.0,0.0,0.0,0.0
13,sched_process_exit,idle,0.0,0.0,0.0,0.0,0.0,0.0,0.0,0.0,0.0,0.0,0.0,0.0,0.0,0.0,0.0,0.0,0.0,0.0
14,upid_walk (any program),idle,0.0,0.0,0.0,0.0,0.0,0.0,0.0,0.0,0.0,0.0,0.0,0.0,0.0,0.0,0.0,0.0,0.0,0.0
