run,wall_ms,overhead_pct_vs_baseline_median,daemon_cpu_s,daemon_minflt,daemon_vol_ctx,daemon_invol_ctx,daemon_migrations,store_cpu_s,store_minflt,store_write_bytes,db_events,bpf_run_time_ms,wl_vol_ctx,wl_invol_ctx,wl_minflt,loop_shell_migrations
1,131.763789,4.160153583429582,0.09000000000000005,448,1882,2,46,0.02,827,9220096,2416,,374,12,22556,3
2,131.91412499999998,4.278995193616719,0.08000000000000004,36,1614,1,5,0.03,6,9138176,2416,,352,3,22853,0
3,135.184009,6.8638602936936355,0.10000000000000006,43,2270,0,4,0.030000000000000002,3,8814592,2416,,352,7,23130,3
4,133.008313,5.143958101818646,0.09999999999999984,133,1859,0,13,0.03,0,9023488,2416,,330,7,22838,0
5,133.577144,5.593622799325315,0.09000000000000008,14,2094,1,4,0.030000000000000006,1,8749056,2416,,346,7,22837,0
6,134.149535,6.046101700564033,0.08000000000000002,147,1246,1,6,0.009999999999999995,1,8417280,2416,,376,4,22865,3
7,137.86954300000002,8.986792823309365,0.09999999999999987,3,2001,0,7,0.030000000000000006,163,8450048,2416,,370,12,23151,3
8,130.505016,3.1650851355521814,0.08000000000000007,91,1629,0,15,0.039999999999999994,0,8314880,2416,,364,9,22532,3
9,134.23808300000002,6.1160994848529215,0.11000000000000004,16,2277,3,54,0.01999999999999999,1,8372224,2416,,354,7,22866,0
10,132.464887,4.714376226169725,0.08000000000000007,120,1451,0,21,0.03,0,8396800,2416,,364,7,22827,0
11,133.041447,5.170150749700331,0.10999999999999982,17,2101,0,32,0.020000000000000018,0,8577024,2416,,349,12,23132,5
12,131.224708,3.7340064592457978,0.08000000000000007,139,1405,0,23,0.03,0,8454144,2416,,349,14,23148,4
13,130.71432099999998,3.330542133345249,0.10999999999999982,6,2225,0,26,0.04000000000000001,1,8830976,2416,,364,7,22855,1
14,143.89639200000002,13.751057134683563,0.0800000000000003,75,1638,0,29,0.019999999999999962,5,8818688,2416,,387,7,22842,2
15,137.312724,8.546623691878485,0.1200000000000001,15,2525,0,20,0.030000000000000027,0,9265152,2416,,363,8,22850,1
16,129.09243800000002,2.0484328098621996,0.07999999999999985,145,1702,1,17,0.020000000000000018,2,9555968,2416,,370,8,22218,1
17,132.784915,4.9673604935772,0.09000000000000008,23,2041,0,5,0.029999999999999957,0,9474048,2416,,354,5,22516,2
18,133.835855,5.79813556947435,0.09999999999999976,92,1889,2,4,0.030000000000000013,0,9752576,2416,,365,6,22846,0
19,134.34524000000002,6.20080780769523,0.10000000000000031,19,2008,0,8,0.030000000000000027,0,9736192,2416,,361,9,22535,1
20,130.470846,3.1380735227642065,0.07999999999999963,106,1688,0,6,0.02999999999999997,0,9678848,2416,,351,4,23138,1
21,132.785572,4.967879856456969,0.10000000000000031,14,2122,1,13,0.03,0,10158080,2416,,353,7,22524,1
22,131.26318700000002,3.764424365258945,0.07999999999999985,142,1512,0,27,0.030000000000000027,0,9945088,2416,,354,6,22864,2
23,135.60626200000002,7.1976541050651655,0.1100000000000001,4,1985,1,3,0.02999999999999997,0,9510912,2416,,375,3,23144,3
24,134.452761,6.285803874964091,0.09999999999999998,107,1954,0,11,0.03,0,9220096,2416,,367,5,22531,4
25,133.242864,5.3293722309095015,0.07999999999999985,11,1785,0,27,0.020000000000000018,0,8888320,2416,,359,6,23137,0
