pair,warmup,off_ms,first_ms,on_ms,overhead_pct,first_overhead_pct,start_s
0,True,125.25038899999998,134.794907,135.17067799999998,7.920365820181208,7.620349985499852,2.618151903152466
1,True,122.51239699999999,127.57695999999999,133.675187,9.11155954282734,4.133918790275559,2.6285126209259033
2,False,126.847232,131.342029,135.235341,6.612764715275787,3.5434726711261577,2.6221630573272705
3,False,124.414158,138.422133,138.37778,11.223499177641827,11.259148657341722,2.5651473999023438
4,False,124.75678599999999,140.77286999999998,139.239842,11.609032634104576,12.837845950920856,2.7172391414642334
5,False,126.437819,131.915606,138.930793,9.880725639533527,4.33239598984223,2.5620272159576416
6,False,122.97767,133.93657100000001,135.978819,10.571959120708673,8.911293407982113,2.6203627586364746
7,False,124.62493099999999,130.92035199999998,137.277967,10.152893083647928,5.051494070636631,2.566091775894165
8,False,127.929617,132.281449,136.988542,7.081178864156223,3.401739254796654,2.576284408569336
9,False,125.658618,132.169317,134.24801,6.835497745168584,5.181259434191787,2.568929672241211
10,False,127.221821,139.17872500000001,133.967488,5.302287726254118,9.398469465391468,2.5678343772888184
11,False,125.669855,135.12919300000001,136.168985,8.354533392276142,7.527133694870591,2.5676515102386475
12,False,125.46359100000001,132.579757,135.992431,8.391948545454909,5.6718972757602515,2.5624513626098633
13,False,125.850076,129.252944,131.206975,4.256571922928365,2.70390619390648,2.772634506225586
14,False,126.78683900000001,133.39696,133.779275,5.515111864252709,5.213570313871463,2.5659468173980713
15,False,118.598561,130.36345699999998,137.140662,15.634338936034808,9.919931490568402,2.567861795425415
16,False,127.94352,132.528782,135.449745,5.866827018671983,3.5838172968822635,2.5696990489959717
17,False,125.905246,134.850719,134.377625,6.729170760684577,7.104924762229525,2.6679108142852783
18,False,126.993876,136.167657,135.64391700000002,6.811384353683314,7.223797941248744,2.5681869983673096
19,False,126.73846499999999,133.56414999999998,139.140974,9.785907538015405,5.385645944189088,2.6623659133911133
20,False,122.467863,134.946088,131.337309,7.242264037872537,10.188979128344865,2.5638976097106934
21,False,113.423878,131.021103,134.201224,18.318317418136587,15.514568281645236,2.5769269466400146
