round,warmup,order,A_ms,B_ms,C_ms,D_ms,E_ms
0,True,ABCDE,130.804426,133.354399,130.64053,128.168789,134.03721
1,False,BCDEA,125.46727699999998,131.139421,132.239274,126.81271,130.993252
2,False,CDEAB,125.216383,129.731362,131.110956,132.628617,138.877038
3,False,DEABC,126.935518,131.779429,131.19555799999998,131.049877,132.80982699999998
4,False,EABCD,128.161093,123.511529,132.93695499999998,130.50296,132.128829
5,False,EDCBA,124.140351,130.178063,132.38496,132.14758500000002,130.360534
6,False,AEDCB,120.808544,128.91772,133.58441200000001,133.381715,137.079925
7,False,BAEDC,115.394323,127.35860800000002,128.482529,130.646786,132.577309
8,False,CBAED,117.5395,128.964001,130.200479,130.485757,135.937388
9,False,DCBAE,123.90226799999999,130.463704,137.606793,129.838301,130.57558799999998
10,False,ABCDE,121.86278300000001,127.29017400000001,133.978823,129.616995,129.611208
11,False,BCDEA,123.871366,134.19783099999998,130.21590999999998,131.756707,132.92889699999998
12,False,CDEAB,131.837719,137.081617,132.769316,131.283748,130.47872999999998
13,False,DEABC,130.292223,134.15195599999998,126.025703,127.02479699999999,131.215303
14,False,EABCD,122.580504,122.645792,136.49472500000002,132.249533,134.43087400000002
15,False,EDCBA,129.158559,126.065809,130.538824,129.45543800000002,131.711314
16,False,AEDCB,125.49136,131.430512,128.48451899999998,135.27324,130.28699999999998
17,False,BAEDC,125.43624,125.28814,128.15793,131.309277,127.97910100000001
18,False,CBAED,125.26075300000001,128.71709,128.468591,132.673606,131.885258
19,False,DCBAE,123.40585399999999,136.66808,135.57599100000002,156.69889700000002,133.82413300000002
20,False,ABCDE,117.161043,133.478709,133.67751,132.070686,132.690629
21,False,BCDEA,119.884003,127.53150799999999,130.55825800000002,131.959687,133.78800199999998
22,False,CDEAB,126.22665699999999,125.89694500000002,132.247996,129.73720799999998,130.286612
23,False,DEABC,120.70071300000001,128.408484,128.126321,132.465523,131.453449
24,False,EABCD,113.828523,129.371658,131.059862,134.634324,134.660688
25,False,EDCBA,134.321368,132.50205300000002,136.271503,129.853421,132.53617400000002
26,False,AEDCB,133.919242,128.82337199999998,134.885073,131.211368,133.58447700000002
27,False,BAEDC,123.529891,130.564653,132.54231199999998,131.525963,130.53753700000001
28,False,CBAED,126.49213300000001,124.955581,129.617973,130.834339,130.51475100000002
29,False,DCBAE,125.71041699999999,126.58958000000001,130.989216,130.048904,131.742965
30,False,ABCDE,125.949029,126.49903100000002,142.288669,132.77224800000002,131.769763
31,False,BCDEA,127.26295000000002,130.240781,130.995854,134.664623,134.855984
32,False,CDEAB,128.489448,126.093113,133.42299599999998,127.362236,139.717687
33,False,DEABC,125.98558200000001,125.673535,133.37172999999999,131.016447,133.521728
34,False,EABCD,122.722905,126.36509000000001,126.743254,131.37270900000001,135.675992
35,False,EDCBA,129.506667,128.729475,130.443677,134.204868,134.50447200000002
36,False,AEDCB,124.281098,126.07658099999999,128.784356,128.639322,130.71563899999998
37,False,BAEDC,126.774679,130.73944300000002,126.350152,131.431968,131.172383
38,False,CBAED,129.779743,129.33735199999998,129.685095,132.40667,132.221812
39,False,DCBAE,123.069324,127.93832599999999,133.256974,134.77181,128.930721
40,False,ABCDE,128.325719,129.627597,129.62174900000002,129.890102,131.100758
