hook,section,ns_per_run,operations_per_run,ns_per_operation
security_file_open,ns_translate_ns,202954.5,1384.0,146.64342485549133
security_file_open,d_path_ns,276077.0,1077.0,256.338904363974
security_file_open,io_seen_map_ns,430660.5,1077.0,399.8704735376045
security_file_open,ringbuf_ns,314426.5,1077.0,291.94661095636025
security_file_permission,ns_translate_ns,108603.0,1288.0,84.31909937888199
security_file_permission,io_seen_map_ns,601173.5,5541.5,108.48569881800957
security_file_permission,ringbuf_ns,130390.5,980.0,133.0515306122449
security_mmap_file,ns_translate_ns,4529.5,89.0,50.89325842696629
security_mmap_file,io_seen_map_ns,112262.0,1530.0,73.37385620915033
security_mmap_file,ringbuf_ns,12328.5,89.0,138.52247191011236
sys_exit_chdir,ns_translate_ns,2037.0,0.0,
sched_process_exec,ns_translate_ns,91060.0,306.0,297.58169934640523
sched_process_exec,ringbuf_ns,79363.0,306.0,259.3562091503268
sched_process_exec,exec_copy_ns,87292.0,306.0,285.26797385620915
sched_process_fork,ns_translate_ns,90987.0,305.0,298.3180327868852
sched_process_fork,ringbuf_ns,131829.5,305.0,432.22786885245904
sched_process_exit,ns_translate_ns,23829.5,305.0,78.12950819672132
sched_process_exit,ringbuf_ns,39374.5,305.0,129.09672131147542
