variant,round,warmup,base_s,normal_s,null_s
null_all,0,True,0.12843768899983843,0.1311003390001133,0.12744373500026995
null_all,1,False,0.1366805990001012,0.1344611980021,0.12382127399905585
null_all,2,False,0.12683946999823092,0.1300835920010286,0.1382348470033321
null_all,3,False,0.12647270900197327,0.130372442999942,0.12726839799870504
null_all,4,False,0.12703498100017896,0.12871939499746077,0.12756509199971333
null_all,5,False,0.12650011900041136,0.1304500949991052,0.1279670210024051
null_all,6,False,0.14739627000017208,0.1272349650025717,0.12428496299980907
null_all,7,False,0.12535258700154372,0.1319146460009506,0.13279776700073853
null_all,8,False,0.13061609999931534,0.13070551700002397,0.14971612999943318
null_all,9,False,0.1282024200008891,0.1315865809992829,0.12526827200053958
null_all,10,False,0.12888914900031523,0.1304459590028273,0.12444608900113963
null_all,11,False,0.12680516299951705,0.13394202000199584,0.12575145400114707
null_all,12,False,0.12807391599926632,0.1300574589986354,0.12805831399964518
null_all,13,False,0.12714299200160895,0.13004649199865526,0.1253933119987778
null_all,14,False,0.12726468099936028,0.12813148200075375,0.12607950899837306
null_all,15,False,0.12974858400048106,0.1303730639992864,0.12542421000034665
null_all,16,False,0.12659346600048593,0.12924562199987122,0.12828473999979906
null_all,17,False,0.12695271800112096,0.13001020999945467,0.12438176199793816
null_all,18,False,0.1260257769972668,0.13865065699792467,0.13188582099974155
null_all,19,False,0.1271498200003407,0.128460374999122,0.1266257789975498
null_all,20,False,0.13031921600122587,0.1326540149966604,0.13072506000025896
null_all,21,False,0.12671545500052162,0.13208351399953244,0.12496164199910709
null_all,22,False,0.12589188600031775,0.1344360549992416,0.127062683000986
null_all,23,False,0.12568298999758554,0.1336794170019857,0.1293096150002384
null_all,24,False,0.12455538200083538,0.14269520499874488,0.12487739400239661
null_all,25,False,0.12336955000137095,0.1303050290007377,0.12431274999835296
null_all,26,False,0.12848145899988594,0.13036191299761413,0.12394810900150333
null_all,27,False,0.1261499950014695,0.13073106899901177,0.12444153700198513
null_all,28,False,0.12482842999816057,0.13357394699778524,0.1286640600010287
null_all,29,False,0.12554514200019184,0.12660375199993723,0.12411223500021151
null_all,30,False,0.12791416800246225,0.12867272299990873,0.1255967299985059
null_all,31,False,0.1265512559984927,0.12882510900089983,0.12679043999742134
null_all,32,False,0.1311844590018154,0.1326454800000647,0.13263945899961982
null_all,33,False,0.12487995800256613,0.13095733299996937,0.12437824799781083
null_all,34,False,0.12548546600010013,0.12942343800023082,0.1398961289996805
null_all,35,False,0.14123786499840207,0.13004024399924674,0.1270429799988051
null_all,36,False,0.12719229799768073,0.13044709899986628,0.12733763999858638
null_all,37,False,0.1250175829991349,0.1280336569980136,0.12758704199950444
null_all,38,False,0.12508332799916388,0.13012874299965915,0.12629463899793336
null_all,39,False,0.12770978499975172,0.12842823400205816,0.12791723199916305
null_all,40,False,0.1292761389995576,0.12817645899849595,0.122753861000092
security_file_open,0,True,0.12657811600001878,0.1298759909986984,0.1273988549983187
security_file_open,1,False,0.1255673840023519,0.12846804799846723,0.1277269590027572
security_file_open,2,False,0.12508006699863472,0.12505759799751104,0.12727254400306265
security_file_open,3,False,0.12789574500129675,0.12857471399911446,0.12936173299749498
security_file_open,4,False,0.1253630749997683,0.12857458599683014,0.13009800299914787
security_file_open,5,False,0.1311825940028939,0.13111525799831725,0.1278325989987934
security_file_open,6,False,0.12685964800039073,0.13012525800149888,0.1356422280005063
security_file_open,7,False,0.13505933600026765,0.13316514100006316,0.13531064699782291
security_file_open,8,False,0.1255159989996173,0.14108596500227577,0.13450674000341678
security_file_open,9,False,0.1280965420010034,0.13041103900104645,0.13051126200298313
security_file_open,10,False,0.12871031200120342,0.1308093520019611,0.12818919499841286
security_file_open,11,False,0.127973465998366,0.13068507999923895,0.12607941800160916
security_file_open,12,False,0.12592649199723382,0.13092487899848493,0.126408578002156
security_file_open,13,False,0.1265778919987497,0.1273859579996497,0.12676443600139464
security_file_open,14,False,0.12494989200058626,0.1301941120000265,0.12899941000068793
security_file_open,15,False,0.12561204599842313,0.1320298829996318,0.1275586480005586
security_file_open,16,False,0.12303558300118311,0.12845674600248458,0.12626737800019328
security_file_open,17,False,0.12571008799932315,0.12752411600013147,0.12601759400058654
security_file_open,18,False,0.1295525280002039,0.13019990799875814,0.12427188699803082
security_file_open,19,False,0.12322229700293974,0.1300003949982056,0.1340669790006359
security_file_open,20,False,0.12434401900100056,0.12918543799969484,0.13151411299986648
security_file_open,21,False,0.12680069799898774,0.1319861670017417,0.13195160599934752
security_file_open,22,False,0.11691654000242124,0.12653646699982346,0.12987022400193382
security_file_open,23,False,0.13140937400021357,0.135445202999108,0.1388743429997703
security_file_open,24,False,0.14316757900087396,0.12752930499846116,0.12188256100125727
security_file_open,25,False,0.12350184100068873,0.12906764400031534,0.12635658100043656
security_file_open,26,False,0.12964057700082776,0.13277503599965712,0.12749867199818254
security_file_open,27,False,0.12427457500234595,0.1387822819997382,0.1268529650005803
security_file_open,28,False,0.12862097499964875,0.13008977500066976,0.12782568900001934
security_file_open,29,False,0.1287391080004454,0.12798438200115925,0.12938198400297551
security_file_open,30,False,0.13081551499999478,0.13130719399850932,0.13022932400053833
security_file_open,31,False,0.13073639499998535,0.12859567499981495,0.13334969299830846
security_file_open,32,False,0.12480707199938479,0.1245047020020138,0.12647581399869523
security_file_open,33,False,0.13224875100058853,0.13315547599995625,0.12833516499813413
security_file_open,34,False,0.1279898040011176,0.13328402000115602,0.13148628800263396
security_file_open,35,False,0.12579618900053902,0.12906665800255723,0.1289057159992808
security_file_open,36,False,0.12574265799776185,0.13296540500232368,0.1299188580014743
security_file_open,37,False,0.12748152999847662,0.13485397899785312,0.1350298399993335
security_file_open,38,False,0.1238959900001646,0.1277771200002462,0.1282753409977886
security_file_open,39,False,0.12520406799740158,0.13688129000001936,0.13521535000108997
security_file_open,40,False,0.1297842589992797,0.1344659220012545,0.13989118799872813
security_file_permission,0,True,0.1295540319988504,0.1296495930000674,0.13505197599806706
security_file_permission,1,False,0.1270625020006264,0.13217668600191246,0.1262627460018848
security_file_permission,2,False,0.12825048599916045,0.12907357299991418,0.12992986500103143
security_file_permission,3,False,0.12602954899921315,0.13349242999902344,0.13462899300066056
security_file_permission,4,False,0.12066319600126008,0.13241032199948677,0.12983129599888343
security_file_permission,5,False,0.12438023900176631,0.1327554829986184,0.1316355150011077
security_file_permission,6,False,0.12580775099922903,0.13090170900250087,0.12649059000250418
security_file_permission,7,False,0.12613518699799897,0.13256005000221194,0.1377143520003301
security_file_permission,8,False,0.1255756440004916,0.13186993400086067,0.1270724890018755
security_file_permission,9,False,0.13005849799810676,0.13833379299830995,0.12949169599960442
security_file_permission,10,False,0.13109298400013358,0.12699621799765737,0.1287545589984802
security_file_permission,11,False,0.1274825279979268,0.12886322899794322,0.1272634399974777
security_file_permission,12,False,0.1325610380008584,0.13037797500146553,0.12927015500099515
security_file_permission,13,False,0.13445943999977317,0.12567093799953,0.13511703399854014
security_file_permission,14,False,0.12420802799897501,0.13073591099964688,0.1291898269992089
security_file_permission,15,False,0.12775562000024365,0.12874575400201138,0.13184991999878548
security_file_permission,16,False,0.13058341000214568,0.13006242000119528,0.1329260520033131
security_file_permission,17,False,0.1275695660006022,0.12679087899959995,0.12934106499960762
security_file_permission,18,False,0.12565537899718038,0.13010925100024906,0.12717191699994146
security_file_permission,19,False,0.12384009699962917,0.13340612100000726,0.1299165400014317
security_file_permission,20,False,0.1256533779996971,0.13402357299855794,0.1297885239982861
security_file_permission,21,False,0.1282873109994398,0.1303643329993065,0.13087339699995937
security_file_permission,22,False,0.12222652999844286,0.12691860999984783,0.13071395800216123
security_file_permission,23,False,0.12694911700236844,0.12751862300137873,0.12651290699795936
security_file_permission,24,False,0.12813628400181187,0.13034497100306908,0.13381477600341896
security_file_permission,25,False,0.13086451699928148,0.12832655799866188,0.12988955699984217
security_file_permission,26,False,0.12788019200161216,0.13234942599956412,0.12909083400154486
security_file_permission,27,False,0.12667055299971253,0.12821929300116608,0.13304211300055613
security_file_permission,28,False,0.12985095999829355,0.1376029519997246,0.13076454600013676
security_file_permission,29,False,0.12663170999803697,0.12928913599898806,0.13537187600013567
security_file_permission,30,False,0.13668744999813498,0.13395832199967117,0.1278854109987151
security_file_permission,31,False,0.1243840179995459,0.13119518700113986,0.1317515379996621
security_file_permission,32,False,0.12603694400240784,0.12974591400052304,0.1332103639979323
security_file_permission,33,False,0.126270538999961,0.1301347619992157,0.1336348260010709
security_file_permission,34,False,0.12328775300193229,0.12916815599965048,0.127289677002409
security_file_permission,35,False,0.12194668899974204,0.12850618199809105,0.1336392600023828
security_file_permission,36,False,0.12910942199960118,0.12892233000093256,0.12645000199700007
security_file_permission,37,False,0.1283162049985549,0.12892427499900805,0.12887892900107545
security_file_permission,38,False,0.12714428799881716,0.12816634599948884,0.12842107100004796
security_file_permission,39,False,0.12704646400015918,0.1292468870015,0.13326966700333287
security_file_permission,40,False,0.12855472800220014,0.13033969399839407,0.13021644599939464
security_mmap_file,0,True,0.12814683499891544,0.12600630500310217,0.12781219899989082
security_mmap_file,1,False,0.12424461499904282,0.12731243999951403,0.13078177199713537
security_mmap_file,2,False,0.12595224899996538,0.1312109339996823,0.12900504199933494
security_mmap_file,3,False,0.13144172099782736,0.1339646950000315,0.14030982500116806
security_mmap_file,4,False,0.12822250400131452,0.1302781819977099,0.13179995400059852
security_mmap_file,5,False,0.12503808100154856,0.13039712099998724,0.13234889500017744
security_mmap_file,6,False,0.1256251440026972,0.12966260500252247,0.1310256320030021
security_mmap_file,7,False,0.12427393200050574,0.12689537999904132,0.1363950989980367
security_mmap_file,8,False,0.12562055899979896,0.13500757699875976,0.13210953199813957
security_mmap_file,9,False,0.12867423799980315,0.12905632199908723,0.13087608700152487
security_mmap_file,10,False,0.125744481003494,0.12992589300120017,0.1263712170002691
security_mmap_file,11,False,0.12784395500057144,0.12757147700176574,0.13246576199890114
security_mmap_file,12,False,0.12433739699918078,0.1276642359989637,0.13455723199876957
security_mmap_file,13,False,0.12736997799947858,0.131013399000949,0.12623674499991466
security_mmap_file,14,False,0.12742883600003552,0.1281801400000404,0.1299367470019206
security_mmap_file,15,False,0.1290369490016019,0.13218189899998833,0.1315217350020248
security_mmap_file,16,False,0.13048125200293725,0.1283583100012038,0.1320240200002445
security_mmap_file,17,False,0.12968343799730064,0.13020694400256616,0.13080365499990876
security_mmap_file,18,False,0.1254212940002617,0.13271613699907903,0.13234337900212267
security_mmap_file,19,False,0.13112940700011677,0.1334963080007583,0.139669578999019
security_mmap_file,20,False,0.13175043199953507,0.13147458999810624,0.13246647399864742
security_mmap_file,21,False,0.12899461699998938,0.1316870669979835,0.12972125899977982
security_mmap_file,22,False,0.12766920200010645,0.13117529100054526,0.1326231060011196
security_mmap_file,23,False,0.12909342200146057,0.13340463799977442,0.13030090200118138
security_mmap_file,24,False,0.12443996900037746,0.13181006900049397,0.12987647100089816
security_mmap_file,25,False,0.12563748899992788,0.1302924859992345,0.13483941599770333
security_mmap_file,26,False,0.12580803200035007,0.129783933996805,0.1309015629994974
security_mmap_file,27,False,0.12804847799998242,0.12960975600071833,0.13020644300195272
security_mmap_file,28,False,0.12848338700132445,0.13271692499984056,0.13167965400134563
security_mmap_file,29,False,0.14818672999899718,0.12784805800038157,0.13057243900038884
security_mmap_file,30,False,0.1251435109988961,0.13474610699995537,0.1292821280003409
security_mmap_file,31,False,0.12704172899975674,0.13031088600109797,0.13013342500198632
security_mmap_file,32,False,0.12701932200070587,0.12874118100080523,0.13226396800018847
security_mmap_file,33,False,0.12552098599917372,0.1355294969980605,0.12595986800079118
security_mmap_file,34,False,0.12860723699850496,0.1303212929997244,0.13346293100039475
security_mmap_file,35,False,0.13656564700067975,0.13938034899911145,0.130526615997951
security_mmap_file,36,False,0.12843387099928805,0.1301345450010558,0.132289868000953
security_mmap_file,37,False,0.13318036700002267,0.1302809930020885,0.13067636399864568
security_mmap_file,38,False,0.12729072300135158,0.12897781799983932,0.13051419200201053
security_mmap_file,39,False,0.1295140080001147,0.1308169629992335,0.12866140800178982
security_mmap_file,40,False,0.13038476799920318,0.13126035800087266,0.13166340200041304
sched_process_exec,0,True,0.12929646799966577,0.13150334899910376,0.13262830399980885
sched_process_exec,1,False,0.12474381900028675,0.13576869199823705,0.1329314489994431
sched_process_exec,2,False,0.1261320000012347,0.12758614999984275,0.13816722499905154
sched_process_exec,3,False,0.1259826109999267,0.12849350899705314,0.12842917699890677
sched_process_exec,4,False,0.12990305600033025,0.13289480700041167,0.12600923399804742
sched_process_exec,5,False,0.12130998800057569,0.12852197000029264,0.13059385500309872
sched_process_exec,6,False,0.12590920599905076,0.1302227859996492,0.12820849499985343
sched_process_exec,7,False,0.1199701660007122,0.12984368999968865,0.12720568100121454
sched_process_exec,8,False,0.12648035299935145,0.1409106339997379,0.12783511800080305
sched_process_exec,9,False,0.13771884200104978,0.13412619399969117,0.12983524100127397
sched_process_exec,10,False,0.12376629199934541,0.13026257500314387,0.13145151599746896
sched_process_exec,11,False,0.12357863700162852,0.13128137699823128,0.13378041299802135
sched_process_exec,12,False,0.13081199900261709,0.13747738299935008,0.13209281099989312
sched_process_exec,13,False,0.12710971299748053,0.1278241159998288,0.1300645049996092
sched_process_exec,14,False,0.12613355899884482,0.13484326300022076,0.13355264300116687
sched_process_exec,15,False,0.12353310799881001,0.13408551500106114,0.13655195599858416
sched_process_exec,16,False,0.12720425400038948,0.13109521300066262,0.12670872899980168
sched_process_exec,17,False,0.1288705970000592,0.16169189200081746,0.13925353300146526
sched_process_exec,18,False,0.12976637999963714,0.13289363399962895,0.136749328001315
sched_process_exec,19,False,0.1275290510020568,0.13347360400075559,0.14108225800009677
sched_process_exec,20,False,0.133988051002234,0.13718619300198043,0.12911649399757152
sched_process_exec,21,False,0.13485133799986215,0.15902545299832127,0.13435788599963416
sched_process_exec,22,False,0.13101561700023012,0.13530663400160847,0.13042947599751642
sched_process_exec,23,False,0.12828428599823383,0.13536252199992305,0.13156566600082442
sched_process_exec,24,False,0.13294750599743566,0.13700005500140833,0.1405186150004738
sched_process_exec,25,False,0.13092788399808342,0.13387149600021075,0.13114230100109125
sched_process_exec,26,False,0.13027120799961267,0.1330943520006258,0.13351494900052785
sched_process_exec,27,False,0.13258793800196145,0.13370148700050777,0.13441424000120605
sched_process_exec,28,False,0.1315271989988105,0.1357226170002832,0.13347227900158032
sched_process_exec,29,False,0.13150614699770813,0.13458733199877315,0.13836315000298782
sched_process_exec,30,False,0.13070431999949506,0.13662817400108906,0.13100506300179404
sched_process_exec,31,False,0.1361422739973932,0.13384994900115998,0.1365837740013376
sched_process_exec,32,False,0.13276329499785788,0.13461052699858556,0.13889596100125345
sched_process_exec,33,False,0.1311258630012162,0.1384554880023643,0.1329183500020008
sched_process_exec,34,False,0.13087830400036182,0.13671888299722923,0.14015368900072644
sched_process_exec,35,False,0.12993513599940343,0.13501959600034752,0.1309548530007305
sched_process_exec,36,False,0.12948123699970893,0.13595367599918973,0.1295527160000347
sched_process_exec,37,False,0.13210101699951338,0.13307017999977688,0.13617651900131023
sched_process_exec,38,False,0.13318104599966318,0.1365853130009782,0.1282485900010215
sched_process_exec,39,False,0.12986890399770346,0.1460530349977489,0.1384618079973734
sched_process_exec,40,False,0.137307911998505,0.1419325930000923,0.130519499998627
sched_process_fork,0,True,0.1335756950029463,0.13364681199891493,0.13183414500235813
sched_process_fork,1,False,0.13522420399749535,0.13457596599982935,0.13298650799697498
sched_process_fork,2,False,0.13041555499876267,0.1358171610008867,0.13079694299813127
sched_process_fork,3,False,0.1317025829994236,0.13198905299941543,0.14394895800069207
sched_process_fork,4,False,0.13497456799814245,0.1395296260016039,0.13098720699781552
sched_process_fork,5,False,0.12813149700014037,0.13333767499716487,0.13591143099984038
sched_process_fork,6,False,0.1380303610021656,0.13587752199964598,0.1360060990009515
sched_process_fork,7,False,0.13046043800204643,0.13287942599708913,0.1413042989988753
sched_process_fork,8,False,0.12904462799997418,0.12975437800196232,0.12890364900158602
sched_process_fork,9,False,0.1277041690009355,0.13146307300121407,0.13428901600127574
sched_process_fork,10,False,0.12890120099837077,0.1332820579991676,0.13204490299904137
sched_process_fork,11,False,0.13526907000050414,0.13858268300100463,0.14175960599823156
sched_process_fork,12,False,0.13150093800140894,0.13648952700168593,0.13458889200046542
sched_process_fork,13,False,0.1360126939980546,0.13386525500027346,0.1359593359993596
sched_process_fork,14,False,0.13549872400108143,0.13921282799856272,0.14240321599936578
sched_process_fork,15,False,0.13192646500101546,0.13609455800178694,0.1348247550013184
sched_process_fork,16,False,0.13471273399773054,0.13246954300120706,0.1325564860017039
sched_process_fork,17,False,0.1315945290007221,0.13624066500051413,0.1374859319985262
sched_process_fork,18,False,0.13308968800265575,0.13360094000017853,0.13601199799813912
sched_process_fork,19,False,0.13292143600119743,0.1363679370006139,0.13363576600022498
sched_process_fork,20,False,0.13475945200116257,0.13778092799839214,0.13036669799839729
sched_process_fork,21,False,0.13817337400178076,0.1359531110028911,0.1312308699998539
sched_process_fork,22,False,0.12942477300020983,0.13295009699868388,0.1329604010024923
sched_process_fork,23,False,0.13243909099765006,0.13507065600060741,0.1358309499992174
sched_process_fork,24,False,0.12807270099801826,0.13140621300044586,0.13102146000164794
sched_process_fork,25,False,0.1345797419999144,0.13347657099802746,0.15394178199858288
sched_process_fork,26,False,0.1308857549993263,0.13588262999837752,0.13240682299874607
sched_process_fork,27,False,0.1313605440009269,0.13790409300054307,0.1328357810016314
sched_process_fork,28,False,0.13228970999989542,0.13497197199831135,0.13382295300107216
sched_process_fork,29,False,0.14090350400147145,0.13661858700288576,0.13248079200275242
sched_process_fork,30,False,0.14177398399988306,0.1440972190030152,0.13246202599839307
sched_process_fork,31,False,0.13064846599809243,0.1356923960011045,0.1328116049990058
sched_process_fork,32,False,0.13072749899947667,0.13463880799827166,0.13262562599993544
sched_process_fork,33,False,0.12942491400099243,0.13432455200018012,0.13223004399696947
sched_process_fork,34,False,0.1285127100018144,0.13342309899962856,0.1362725639992277
sched_process_fork,35,False,0.13169669799754047,0.13873848599905614,0.13741312300044228
sched_process_fork,36,False,0.12834481300160405,0.13991145200270694,0.13470080100159976
sched_process_fork,37,False,0.12890777199936565,0.1301769889978459,0.13652230199659243
sched_process_fork,38,False,0.12731711599917617,0.13594741999986582,0.13642201399852638
sched_process_fork,39,False,0.13153734099978465,0.1327739250009472,0.13263687400103663
sched_process_fork,40,False,0.12702420899950084,0.13478146699708304,0.13524283999868203
sched_process_exit,0,True,0.13087551199714653,0.1327603360005014,0.13591369499772554
sched_process_exit,1,False,0.1325050369996461,0.13684731899775215,0.13854355800140183
sched_process_exit,2,False,0.13499059800233226,0.13938330999735626,0.13544761100274627
sched_process_exit,3,False,0.1314660530006222,0.138130038001691,0.1339260099994135
sched_process_exit,4,False,0.12894247700023698,0.13643232399772387,0.13056715700076893
sched_process_exit,5,False,0.13225808900097036,0.1379114990013477,0.13716706500053988
sched_process_exit,6,False,0.13535216500167735,0.1348815069977718,0.12952400299764122
sched_process_exit,7,False,0.12877947599918116,0.13204019100157893,0.13564030899942736
sched_process_exit,8,False,0.1320962760000839,0.13668416000291472,0.13902942899949267
sched_process_exit,9,False,0.1302372430000105,0.1382495919970097,0.14015421099975356
sched_process_exit,10,False,0.13207763099853764,0.137228846000653,0.14309710599991377
sched_process_exit,11,False,0.12944633300139685,0.13196996799888439,0.132572890001029
sched_process_exit,12,False,0.1340162419983244,0.12955917500221403,0.130668763002177
sched_process_exit,13,False,0.12699466399863013,0.1316641970006458,0.13395461599793634
sched_process_exit,14,False,0.12839597199854325,0.1301016580000578,0.13419123900166596
sched_process_exit,15,False,0.12597713699869928,0.13987227599864127,0.1312184159978642
sched_process_exit,16,False,0.13351907000105712,0.13545070200052578,0.14070035300028394
sched_process_exit,17,False,0.13480333500046981,0.138988414000778,0.13958979900053237
sched_process_exit,18,False,0.13467223400220973,0.13940423699750681,0.13278171400088468
sched_process_exit,19,False,0.13685660999908578,0.13085407800099347,0.14034322000225075
sched_process_exit,20,False,0.13033399200139684,0.13014258600014728,0.13688328100033686
sched_process_exit,21,False,0.1332639400025073,0.13325233700015815,0.13288658899909933
sched_process_exit,22,False,0.1307444910016784,0.13346002799880807,0.13507863499762607
sched_process_exit,23,False,0.13083969999934197,0.13679033500011428,0.1375362420003512
sched_process_exit,24,False,0.13560533199779456,0.1321924929980014,0.13633836200096994
sched_process_exit,25,False,0.13473436500134994,0.13426752400118858,0.13402160500118043
sched_process_exit,26,False,0.13524370799859753,0.13429462300337036,0.13523048699789797
sched_process_exit,27,False,0.14850745399962761,0.13414886700047646,0.1347239669994451
sched_process_exit,28,False,0.1293982440001855,0.13605582500167657,0.13765585500004818
sched_process_exit,29,False,0.13375454999913927,0.13175451400093152,0.13886268599890172
sched_process_exit,30,False,0.13072291500066058,0.13276508199851378,0.1358152910033823
sched_process_exit,31,False,0.13521854400096345,0.13665360199956922,0.13424591999864788
sched_process_exit,32,False,0.13162224199913908,0.13477866999892285,0.13630030899730627
sched_process_exit,33,False,0.13699573799749487,0.13827643600234296,0.13442032500097412
sched_process_exit,34,False,0.1353333829974872,0.13123126800201135,0.13862534199870424
sched_process_exit,35,False,0.13944066499971086,0.13369789300122648,0.14460771199810551
sched_process_exit,36,False,0.12858146000144188,0.13460836299782386,0.1340540589990269
sched_process_exit,37,False,0.149862659000064,0.13538773899927037,0.13528624800164835
sched_process_exit,38,False,0.1368515819995082,0.13482983699941542,0.13194803599981242
sched_process_exit,39,False,0.13258862599832355,0.13703364799948758,0.13903445399773773
sched_process_exit,40,False,0.13102910199813778,0.136860386999615,0.13879148900014115
