program,hook,window,calls,early_exits,map_lookups,map_updates,map_deletes,rb_records,rb_bytes,upid_walks,run_cnt,run_time_ns
0,security_file_open,workload,1358.0,307.0,0.0,0.0,1051.0,1051.0,622192.0,306.0,1358.0,1383597.0
1,security_file_permission,workload,3422.0,2130.5,3362.5,984.0,0.0,984.0,78720.0,307.5,3422.0,1128055.5
2,security_mmap_file,workload,1408.0,1347.0,1389.0,61.0,0.0,61.0,4880.0,0.0,1408.0,277769.5
3,do_renameat2 (entry),workload,0.0,0.0,0.0,0.0,0.0,0.0,0.0,0.0,0.0,0.0
4,do_renameat2 (return),workload,0.0,0.0,0.0,0.0,0.0,0.0,0.0,0.0,0.0,0.0
5,do_unlinkat (entry),workload,0.0,0.0,0.0,0.0,0.0,0.0,0.0,0.0,0.0,0.0
6,do_unlinkat (return),workload,0.0,0.0,0.0,0.0,0.0,0.0,0.0,0.0,0.0,0.0
7,sys_enter_chdir,workload,2.0,0.0,0.0,0.0,0.0,0.0,0.0,0.0,2.0,5811.5
8,sys_exit_chdir,workload,2.0,0.0,0.0,0.0,0.0,0.0,0.0,0.0,2.0,8779.5
9,sys_enter_fchdir,workload,0.0,0.0,0.0,0.0,0.0,0.0,0.0,0.0,0.0,0.0
10,sys_exit_fchdir,workload,0.0,0.0,0.0,0.0,0.0,0.0,0.0,0.0,0.0,0.0
11,sched_process_exec,workload,304.0,0.0,0.0,0.0,0.0,304.0,335616.0,304.0,304.0,284109.0
12,sched_process_fork,workload,303.0,0.0,0.0,0.0,0.0,303.0,24240.0,303.0,303.0,316926.5
13,sched_process_exit,workload,303.0,0.0,0.0,0.0,0.0,303.0,24240.0,0.0,303.0,99510.5
14,upid_walk (any program),workload,0.0,0.0,0.0,0.0,0.0,0.0,0.0,1221.0,0.0,0.0
0,security_file_open,idle,14.0,0.0,0.0,0.0,14.0,14.0,8288.0,0.0,14.0,24771.5
1,security_file_permission,idle,28.5,14.5,28.0,14.0,0.0,14.0,1120.0,0.0,28.5,15954.5
2,security_mmap_file,idle,0.0,0.0,0.0,0.0,0.0,0.0,0.0,0.0,0.0,0.0
3,do_renameat2 (entry),idle,0.0,0.0,0.0,0.0,0.0,0.0,0.0,0.0,0.0,0.0
4,do_renameat2 (return),idle,0.0,0.0,0.0,0.0,0.0,0.0,0.0,0.0,0.0,0.0
5,do_unlinkat (entry),idle,0.0,0.0,0.0,0.0,0.0,0.0,0.0,0.0,0.0,0.0
6,do_unlinkat (return),idle,0.0,0.0,0.0,0.0,0.0,0.0,0.0,0.0,0.0,0.0
7,sys_enter_chdir,idle,0.0,0.0,0.0,0.0,0.0,0.0,0.0,0.0,0.0,0.0
8,sys_exit_chdir,idle,0.0,0.0,0.0,0.0,0.0,0.0,0.0,0.0,0.0,0.0
9,sys_enter_fchdir,idle,0.0,0.0,0.0,0.0,0.0,0.0,0.0,0.0,0.0,0.0
10,sys_exit_fchdir,idle,0.0,0.0,0.0,0.0,0.0,0.0,0.0,0.0,0.0,0.0
11,sched_process_exec,idle,0.0,0.0,0.0,0.0,0.0,0.0,0.0,0.0,0.0,0.0
12,sched_process_fork,idle,0.0,0.0,0.0,0.0,0.0,0.0,0.0,0.0,0.0,0.0
13,sched_process_exit,idle,0.0,0.0,0.0,0.0,0.0,0.0,0.0,0.0,0.0,0.0
14,upid_walk (any program),idle,0.0,0.0,0.0,0.0,0.0,0.0,0.0,0.0,0.0,0.0
