pair,warmup,off_ms,first_ms,on_ms,overhead_pct,first_overhead_pct,daemon_start_s
0,True,125.54358199999999,131.000114,128.128684,2.059127164302188,4.346324928023804,2.568319082260132
1,True,127.02037,132.00493899999998,121.37136699999999,-4.447320536068345,3.9242280588538625,2.716885805130005
2,False,124.569283,130.51342599999998,125.368694,0.6417400668509821,4.771756613546518,2.517263650894165
3,False,125.730624,133.91529899999998,128.43194699999998,2.1485004321619927,6.50969090871607,2.5655179023742676
4,False,129.637924,133.54753,121.83413499999999,-6.0196806298749355,3.0157888057510185,2.565707206726074
5,False,126.040184,136.39826499999998,127.429456,1.1022452966269913,8.218078291602616,2.7126224040985107
6,False,127.35597700000001,144.840137,128.57045,0.9536050278974972,13.728574356584765,2.5682008266448975
7,False,125.27064800000001,130.457245,125.22130100000001,-0.03939230840412922,4.1403130604066085,2.620034694671631
8,False,126.183573,135.964142,124.795908,-1.0997192162247593,7.751063603183916,2.565002202987671
9,False,123.479277,134.83312899999999,128.28176299999998,3.8893052475517775,9.194945318638359,2.515927791595459
10,False,122.227652,134.66226,125.601437,2.760246920230469,10.173318227531691,2.615445137023926
11,False,127.292987,137.533081,126.45449,-0.6587142149472758,8.044507589408688,2.5633270740509033
12,False,126.494057,135.376861,120.910935,-4.413742536536713,7.022309356399248,2.5654585361480713
13,False,151.36496699999998,129.45693599999998,124.389794,-17.821278948912923,-14.473646996533873,2.5652334690093994
14,False,129.492558,139.471225,124.039148,-4.211369428658596,7.705977203724701,2.519076108932495
15,False,127.176753,133.41767299999998,139.369671,9.587379542548934,4.907280499605138,2.6169824600219727
16,False,126.749181,134.997991,127.539331,0.6233965330316504,6.507978935185399,2.565988540649414
17,False,123.31786,131.955517,120.365613,-2.394014135503164,7.004384441961609,2.5677669048309326
18,False,120.609578,135.394382,125.625993,4.159217769587076,12.258399577519462,2.6675004959106445
19,False,126.07281400000001,133.60466,128.520728,1.9416668212069776,5.974203129946787,2.567343235015869
20,False,122.32254300000001,135.325744,122.038288,-0.2323815324866252,10.630257253562814,2.7634148597717285
21,False,124.409809,139.046211,127.733498,2.6715650692784143,11.764668813212321,2.6741065979003906
