run,wall_ms,overhead_pct,daemon_user_s,daemon_sys_s,daemon_vol_ctx,daemon_invol_ctx,daemon_minflt,daemon_majflt,daemon_migrations,store_cpu_s,store_write_bytes,stored_events,bpf_ms,wl_vol_ctx,wl_invol_ctx,wl_minflt,wl_loop_migrations
1,130.51449200000002,3.852729246462383,0.07000000000000006,0.010000000000000009,1741,0,447,0,27,0.03,8278016,2416,3.3388,358,8,23433,3
2,165.565319,31.743302856445776,0.07000000000000006,0.04000000000000001,1448,5,26,0,87,0.03,8368128,2416,5.307244,378,33,22832,49
3,130.10344600000002,3.525652549524838,0.050000000000000044,0.03,1571,4,107,0,20,0.029999999999999995,8163328,2416,3.311214,352,6,22534,2
4,133.562526,6.2781047345423335,0.05999999999999983,0.02999999999999997,1878,4,34,0,28,0.020000000000000004,8351744,2416,3.699253,345,9,22835,1
5,134.51226699999998,7.033830734129154,0.06000000000000005,0.020000000000000018,1373,3,138,0,10,0.020000000000000004,8351744,2416,3.428467,369,5,23124,2
6,132.59752999999998,5.510240057017346,0.09000000000000008,0.010000000000000009,2282,2,2,0,51,0.04000000000000001,8609792,2416,3.457629,348,13,23126,4
7,135.99547,8.214042044123303,0.07000000000000006,0.03999999999999998,2496,2,45,0,41,0.029999999999999985,8585216,2416,3.486826,373,10,22541,0
8,134.556178,7.068771506790195,0.06999999999999984,0.020000000000000018,1751,4,121,0,9,0.020000000000000018,8359936,2416,3.481483,351,5,23158,3
9,136.06510699999998,8.269453457796327,0.08000000000000007,0.020000000000000018,2150,1,2,0,20,0.03,8937472,2416,3.994463,354,6,22538,5
10,133.75068100000001,6.427823052959969,0.07000000000000006,0.009999999999999953,1584,2,136,0,18,0.029999999999999985,9043968,2416,3.664596,376,11,22235,2
11,135.85371600000002,8.101245836161963,0.08999999999999986,0.020000000000000018,1914,0,13,0,4,0.03,9121792,2416,3.69497,375,6,22871,1
12,130.494266,3.836635054395643,0.07000000000000006,0.010000000000000009,1526,0,124,0,5,0.020000000000000018,9613312,2416,3.528294,356,5,22553,0
13,138.65052,10.326713093602002,0.06000000000000005,0.02999999999999997,2019,1,7,0,4,0.029999999999999985,9826304,2416,3.701408,368,5,22873,1
14,135.8835,8.124945500777558,0.06000000000000005,0.040000000000000036,1720,2,85,0,5,0.04000000000000002,9756672,2416,3.558017,380,5,22536,1
15,137.907359,9.735366516399457,0.06000000000000005,0.040000000000000036,2262,1,20,0,36,0.02999999999999997,9699328,2416,3.601176,364,13,23439,1
16,136.194783,8.37263898387388,0.08000000000000007,0.010000000000000009,1903,3,140,0,32,0.020000000000000018,9998336,2416,3.665433,370,8,22833,2
17,128.461543,2.2191607945099667,0.07999999999999963,0.019999999999999907,2168,3,8,0,35,0.03,10076160,2416,3.528157,344,11,22552,1
18,134.326989,6.886401696368938,0.08000000000000007,0.030000000000000027,2430,1,47,0,50,0.03999999999999998,9895936,2416,3.735596,369,10,22837,3
19,133.415554,6.161156470108908,0.050000000000000266,0.030000000000000027,1391,2,137,0,29,0.030000000000000027,9928704,2416,3.686959,370,9,22844,1
20,135.610586,7.907782921241413,0.09999999999999964,0.010000000000000009,2079,1,9,0,21,0.03,9330688,2416,3.537491,366,5,23156,1
21,133.596304,6.304982496810219,0.07000000000000028,0.010000000000000009,1698,1,131,0,13,0.019999999999999962,8867840,2416,3.348061,379,8,23442,0
22,140.957189,12.162171113989583,0.06999999999999984,0.029999999999999916,2047,0,6,0,20,0.030000000000000027,8884224,2416,3.628527,351,11,23112,1
23,140.54431300000002,11.83363825313024,0.06999999999999984,0.030000000000000027,1619,1,128,0,13,0.020000000000000018,8781824,2416,3.607342,367,2,23153,1
24,141.923039,12.930715334678066,0.07000000000000028,0.020000000000000018,2010,1,3,0,24,0.03,8704000,2416,3.64871,382,6,23150,1
25,140.993852,12.191344522658731,0.06000000000000005,0.030000000000000027,1912,2,96,0,39,0.02999999999999997,8679424,2416,3.752357,356,12,23143,3
